USE `KANDIDATO`;

insert into CANDIDATES(CANDIDATE_ID, FIRST_NAME, LAST_NAME, CREATION_TIME, USER_ID) values (2, 'Joshua', 'Bloch', CURDATE(), 1);
insert into CANDIDATES(CANDIDATE_ID, FIRST_NAME, LAST_NAME, CREATION_TIME, USER_ID) values (3, 'Linus', 'Torvalds', CURDATE(), 1);
insert into CANDIDATES(CANDIDATE_ID, FIRST_NAME, LAST_NAME, CREATION_TIME, USER_ID) values (4, 'Guido', 'van Rossum', CURDATE(), 1);
insert into CANDIDATES(CANDIDATE_ID, FIRST_NAME, LAST_NAME, CREATION_TIME, USER_ID) values (5, 'Bjarne', 'Stroustrup', CURDATE(), 1);
insert into CANDIDATES(CANDIDATE_ID, FIRST_NAME, LAST_NAME, CREATION_TIME, USER_ID) values (6, 'Andriy', 'Pashkevych', CURDATE(), 1);
insert into CANDIDATES(CANDIDATE_ID, FIRST_NAME, LAST_NAME, CREATION_TIME, USER_ID) values (7, 'Andriy', 'Andrunevchyn', CURDATE(), 1);

insert into VACANCIES (VACANCY_ID, CREATION_TIME, HOT_FLAG, DESCRIPTION, STATE, PROJECT_ID, USER_ID, NUMBER, NAME)
values (2, CURDATE(), 0, 'Description Vacancy 1', 'OPEN', 1, 1, 1, 'Vacancy 1');

insert into VACANCIES (VACANCY_ID, CREATION_TIME, HOT_FLAG, DESCRIPTION, STATE, PROJECT_ID, USER_ID, NUMBER, NAME)
values (3, CURDATE(), 0, 'Description Vacancy 2', 'OPEN', 1, 1, 2, 'Vacancy 2');

insert into VACANCIES (VACANCY_ID, CREATION_TIME, HOT_FLAG, DESCRIPTION, STATE, PROJECT_ID, USER_ID, NUMBER, NAME)
values (4, CURDATE(), 0, 'Description Vacancy 3', 'OPEN', 1, 1, 3, 'Vacancy 3');



insert into FLOWS(FLOW_ID, CREATION_TIME, ACTIVE_FLAG, VACANCY_ID, CANDIDATE_ID, USER_ID) values (2, CURDATE(), 1, 2, 2, 1);
insert into FLOWS(FLOW_ID, CREATION_TIME, ACTIVE_FLAG, VACANCY_ID, CANDIDATE_ID, USER_ID) values (3, CURDATE(), 1, 3, 3, 1);
insert into FLOWS(FLOW_ID, CREATION_TIME, ACTIVE_FLAG, VACANCY_ID, CANDIDATE_ID, USER_ID) values (4, CURDATE(), 1, 4, 4, 1);
insert into FLOWS(FLOW_ID, CREATION_TIME, ACTIVE_FLAG, VACANCY_ID, CANDIDATE_ID, USER_ID) values (5, CURDATE(), 1, 2, 5, 1);
insert into FLOWS(FLOW_ID, CREATION_TIME, ACTIVE_FLAG, VACANCY_ID, CANDIDATE_ID, USER_ID) values (6, CURDATE(), 1, 3, 6, 1);
insert into FLOWS(FLOW_ID, CREATION_TIME, ACTIVE_FLAG, VACANCY_ID, CANDIDATE_ID, USER_ID) values (7, CURDATE(), 1, 4, 7, 1);
insert into FLOWS(FLOW_ID, CREATION_TIME, ACTIVE_FLAG, VACANCY_ID, CANDIDATE_ID, USER_ID) values (8, CURDATE(), 1, 2, 1, 1);

insert into FLOW_ACTIONS(FLOW_ACTION_ID, CREATION_TIME, FLOW_ID, DESCRIPTION, STATE) values(1, CURDATE(), 8, 'Description 1', 'CONTACT');
insert into FLOW_ACTIONS(FLOW_ACTION_ID, CREATION_TIME, FLOW_ID, DESCRIPTION, STATE) values(2, CURDATE(), 8, 'Description 2', 'INTERVIEW');
insert into FLOW_ACTIONS(FLOW_ACTION_ID, CREATION_TIME, FLOW_ID, DESCRIPTION, STATE) values(3, CURDATE(), 8, 'Description 3', 'OFFER');
insert into FLOW_ACTIONS(FLOW_ACTION_ID, CREATION_TIME, FLOW_ID, DESCRIPTION, STATE) values(4, CURDATE(), 8, 'Description 4', 'HIRED');

insert into FLOW_ACTIONS(FLOW_ACTION_ID, CREATION_TIME, FLOW_ID, DESCRIPTION, STATE) values(5, CURDATE(), 2, 'Description 5', 'CONTACT');
insert into FLOW_ACTIONS(FLOW_ACTION_ID, CREATION_TIME, FLOW_ID, DESCRIPTION, STATE) values(6, CURDATE(), 2, 'Description 6', 'INTERVIEW');
insert into FLOW_ACTIONS(FLOW_ACTION_ID, CREATION_TIME, FLOW_ID, DESCRIPTION, STATE) values(7, CURDATE(), 2, 'Description 7', 'INTERVIEW');
insert into FLOW_ACTIONS(FLOW_ACTION_ID, CREATION_TIME, FLOW_ID, DESCRIPTION, STATE) values(8, CURDATE(), 2, 'Description 8', 'OFFER');
insert into FLOW_ACTIONS(FLOW_ACTION_ID, CREATION_TIME, FLOW_ID, DESCRIPTION, STATE) values(9, CURDATE(), 2, 'Description 9', 'HIRED');

insert into FLOW_ACTIONS(FLOW_ACTION_ID, CREATION_TIME, FLOW_ID, DESCRIPTION, STATE) values(10, CURDATE(), 3, 'Description 10', 'CONTACT');
insert into FLOW_ACTIONS(FLOW_ACTION_ID, CREATION_TIME, FLOW_ID, DESCRIPTION, STATE) values(11, CURDATE(), 3, 'Description 11', 'INTERVIEW');
insert into FLOW_ACTIONS(FLOW_ACTION_ID, CREATION_TIME, FLOW_ID, DESCRIPTION, STATE) values(12, CURDATE(), 3, 'Description 12', 'OFFER');
insert into FLOW_ACTIONS(FLOW_ACTION_ID, CREATION_TIME, FLOW_ID, DESCRIPTION, STATE) values(13, CURDATE(), 3, 'Description 13', 'REJECTED');

insert into FLOW_ACTIONS(FLOW_ACTION_ID, CREATION_TIME, FLOW_ID, DESCRIPTION, STATE) values(14, CURDATE(), 4, 'Description 14', 'CONTACT');
insert into FLOW_ACTIONS(FLOW_ACTION_ID, CREATION_TIME, FLOW_ID, DESCRIPTION, STATE) values(15, CURDATE(), 4, 'Description 15', 'INTERVIEW');
insert into FLOW_ACTIONS(FLOW_ACTION_ID, CREATION_TIME, FLOW_ID, DESCRIPTION, STATE) values(16, CURDATE(), 4, 'Description 16', 'REJECTED');

insert into FLOW_ACTIONS(FLOW_ACTION_ID, CREATION_TIME, FLOW_ID, DESCRIPTION, STATE) values(17, CURDATE(), 5, 'Description 17', 'CONTACT');
insert into FLOW_ACTIONS(FLOW_ACTION_ID, CREATION_TIME, FLOW_ID, DESCRIPTION, STATE) values(18, CURDATE(), 5, 'Description 18', 'INTERVIEW');
insert into FLOW_ACTIONS(FLOW_ACTION_ID, CREATION_TIME, FLOW_ID, DESCRIPTION, STATE) values(19, CURDATE(), 5, 'Description 19', 'REJECTED');

commit;